Name,Organization,Phone,Email,Photo Path
yyy ,kdkdk,1234567899,pradnya@gmail.com,pre_registered\photos\yyy _1234567899.png
siidi,lll,7894564564,shidih@gmail.com,pre_registered\photos\siidi_7894564564.png
eee,eer,1234567777,www@gmail.com,pre_registered\photos\eee_1234567777.png
feroz,222,4564564565,feroz@gmail.com,pre_registered\photos\feroz_4564564565.png
feroz,222,4564564565,feroz@gmail.com,pre_registered\photos\feroz_4564564565.png
feroz,222,4564564565,feroz@gmail.com,pre_registered\photos\feroz_4564564565.png
feroz,222,4564564565,feroz@gmail.com,pre_registered\photos\feroz_4564564565.png
feroz,uu,1231231232,feroz@gmail.com,pre_registered\photos\feroz_1231231232.png
sidd,uu,1231231232,suiuuu@gmail.com,pre_registered\photos\sidd_1231231232.png
sidd,uu,1231231232,suiuuu@gmail.com,pre_registered\photos\sidd_1231231232.png
sidd,uu,1231231232,suiuuu@gmail.com,pre_registered\photos\sidd_1231231232.png
siddrr,uurr,1231231232,sddduiuuu@gmail.com,pre_registered\photos\siddrr_1231231232.png
sunny ,ee,1111111111,sunny@712,pre_registered\photos\sunny _1111111111.png
sunny ,ee,1111111111,sunny@712,pre_registered\photos\sunny _1111111111.png
sunny ,ee,1111111111,sunny@712,pre_registered\photos\sunny _1111111111.png
sir,sirr,1111111111,sir@gmail.com,pre_registered\photos\sir_1111111111.png
sir,sirr,1111111111,sir@gmail.com,pre_registered\photos\sir_1111111111.png
sid,ii,1231231231,sid@gmail.com,pre_registered\photos\sid_1231231231.png
akhil,iii,1111111111,akhil.@gmail.com,pre_registered\photos\akhil_1111111111.png
prasad,jjj,1122111111,dddd@gmail.com,pre_registered\photos\prasad_1122111111.png
my,iii,3333333333,jamdar@gamil.com,pre_registered\photos\my_3333333333.png
my,iii,3333333333,jamdar@gamil.com,pre_registered\photos\my_3333333333.png
my,iii,3333333333,jamdar@gamil.com,pre_registered\photos\my_3333333333.png
my,iii,3333333333,jamdar@gamil.com,pre_registered\photos\my_3333333333.png
uu,hehr,8888888888,abeab@gmail.com,pre_registered\photos\uu_8888888888.png
feroz,edd,1111111111,nterserame@gmail.com,pre_registered\photos\feroz_1111111111.png
kuldeep ,ssss,1010101010,pradnya@gmail.com,pre_registered\photos\kuldeep _1010101010.png
